Model,Accuracy,Macro F1
Random Forest (Tuned),0.9698762775685853,0.28648906476345265
XGBoost (Weighted + Tuned),0.9671866594943518,0.24616648411829134
