Model,Accuracy,Macro F1
Random Forest (Tuned),0.9998744349573079,0.9489795918367347
XGBoost (Weighted + Tuned),0.9998744349573079,0.9489795918367347
